No,Priority,What we need from you,Why
1,Before launch,"Which email should appear publicly? We are currently showing drshamineabenson@eabensonhealthcare.com","You gave four addresses. This one is on every page and the contact form sends to it."
2,Before launch,"A professional photograph. Plain background, as large a file as you have","Used on the About page. A designed graphic is standing in for it at the moment."
3,Before launch,"Your life membership KRL/12999/33/2025/155554/2010-11/L — is that the Indian Medical ASSOCIATION (IMA)?","You wrote Indian Medical Council. We think it is the IMA, so we have left it off the site rather than print the wrong body against your name."
4,Before launch,"Please read the About page text and the Privacy page, and tell us to change anything","We wrote the biography from public sources. It should be in your words, and the privacy page is a legal page."
5,Before launch,"Postal address for Eabenson Healthcare Private Limited","No address appears anywhere at present."
6,Soon,"Telemedicine: which days, what timings, and which languages","The consultation page says you consult online but cannot say when."
7,Soon,"How should patients book? Calendly, Practo, your Medisage link, or just the enquiry form","You said yes to online booking. Right now it routes to the enquiry form."
8,Soon,"Your Scopus author ID","You listed the heading but left it blank, so Scopus is not on the site."
9,Soon,"The DOI 10.69605/IJLBPR_15.5.2026.182 (Handle with Care) does not open","Every other DOI works. Please check it with the journal, or send the correct one."
10,Soon,"The two papers that were due, plus any published since","They go on the site the same day you send them."
11,Soon,"Year for the Commonwealth Scholarship, and year plus awarding body for the Shankers International Award","These two are the only awards on your CV without a date."
12,Soon,"May we link your SlideShare decks? If yes, the link for each one","All four currently point at your SlideShare profile rather than the deck."
13,When you can,"Your ministry work: A keep it off this site, B a small separate section linking to eabensonministries.com, C its own page, or D something else","We suggest B. Nothing about the ministry is on the site until you choose."
14,When you can,"Recent talks with dates and places, and the topics you will accept invitations on","There is no speaking page yet because we have nothing to put on it."
15,When you can,"Do you want a section for your own articles? Honest answer please","If you will not write regularly it is better not to have one at all."
16,When you can,"Which social accounts should we link? LinkedIn, SlideShare and Medisage are on now. X, Facebook, Instagram, Pinterest, YouTube are not","We only link the ones you tick."
17,Optional,"Screenshots of your Google Scholar, ResearchGate and LinkedIn pages","You asked for these. We cannot capture them ourselves as those sites block it. They also need retaking whenever your profiles change — the pages look complete without them."
18,Optional,"You mentioned the fonts could change in some places. Which pages, or which text?","Not enough to go on at the moment."
19,Soon,"The ASHA study (Exploring the experiences of accredited social health activists) is listed with you as the only author. Is that correct?","Every other paper has four to six authors, and this one has no DOI we can check against."
20,Soon,"Volume, issue and page numbers for three papers: Medical negligence; Sociodemographic profile of road traffic accident victims; and Pradhan Mantri Bharatiya Janaushadhi Pariyojana","We show 14(6):2368-2374, 13(6):2770-2776 and 15(4):612-620. The journals have not registered those numbers centrally, so we cannot verify them. Please check against the PDFs."
21,Before launch,"The Commonwealth Scholarship now shows with no awarding body, because you did not name one","We had filled in Commonwealth Scholarship Commission ourselves. That was our error and we have removed it. Tell us the correct body and year and it goes back."
